1,176896,1.177,4.515,9.025,0.037,-0.122,-0.104,61.400,-62.189,28.749
1,176899,1.195,4.550,9.184,0.050,-0.125,-0.104,61.400,-62.189,28.749
1,176903,1.195,4.550,9.184,0.050,-0.125,-0.104,61.400,-62.189,28.749
1,176907,1.272,4.725,9.239,0.050,-0.127,-0.105,61.561,-62.569,29.056
1,176927,1.210,4.600,9.075,0.046,-0.119,-0.105,61.473,-62.496,28.603
1,176958,1.135,4.503,9.234,0.046,-0.117,-0.104,61.415,-62.350,28.895
1,176961,1.135,4.503,9.234,0.046,-0.117,-0.104,61.415,-62.350,28.895
1,176964,1.135,4.545,9.208,0.046,-0.117,-0.104,61.415,-62.350,28.895
1,176987,1.145,4.603,9.198,0.120,-0.131,-0.100,61.488,-62.043,29.012
1,177047,1.033,4.437,9.187,0.271,-0.164,-0.093,60.786,-62.555,29.319
1,177051,1.033,4.437,9.187,0.271,-0.164,-0.093,60.786,-62.555,29.319
1,177054,1.034,4.819,8.813,0.386,-0.187,-0.090,61.254,-61.985,29.056
1,177180,1.024,4.454,8.919,0.093,-0.139,-0.075,60.757,-62.306,28.603
1,177198,1.068,4.489,8.674,0.095,-0.140,-0.075,61.064,-62.277,28.632
1,177361,1.172,4.351,8.625,0.065,-0.138,-0.051,61.006,-62.526,27.945
1,177377,1.265,4.603,8.987,0.084,-0.143,-0.049,60.596,-62.262,27.857
1,177408,1.344,4.762,9.412,0.031,-0.130,-0.048,60.947,-62.277,28.676
1,177411,1.344,4.762,9.412,0.031,-0.130,-0.048,60.947,-62.277,28.676
1,177415,1.346,4.777,8.968,0.031,-0.130,-0.048,60.947,-62.277,28.676
1,177437,1.347,4.575,9.498,-0.067,-0.110,-0.048,60.567,-62.292,27.974
1,177440,1.347,4.575,9.498,-0.067,-0.110,-0.048,60.567,-62.292,27.974
1,177467,1.466,5.087,9.892,-0.050,-0.111,-0.045,60.509,-61.926,27.960
1,177471,1.466,5.087,9.892,-0.050,-0.111,-0.045,60.552,-61.634,28.632
1,177474,1.335,4.665,9.777,-0.130,-0.097,-0.045,60.552,-61.634,28.632
1,177497,1.443,4.708,10.173,0.015,-0.123,-0.040,60.085,-62.467,28.135
1,177500,1.443,4.708,10.173,0.015,-0.123,-0.040,60.085,-62.467,28.135
1,177503,1.524,5.140,10.629,0.060,-0.130,-0.038,60.085,-62.467,28.135
1,177660,1.619,5.233,11.649,0.078,-0.117,-0.033,60.056,-62.292,28.281
1,177738,1.506,5.213,10.768,0.078,-0.109,-0.034,59.544,-62.043,29.173
1,177741,1.506,5.213,10.768,0.092,-0.108,-0.032,59.544,-62.043,29.173
1,177745,1.506,5.213,10.768,0.092,-0.108,-0.032,59.544,-62.043,29.173
1,177767,1.429,5.374,11.452,0.095,-0.112,-0.032,59.734,-61.912,28.632
1,177770,1.429,5.374,11.452,0.095,-0.110,-0.031,59.734,-61.912,28.632
1,177774,1.429,5.374,11.452,0.095,-0.110,-0.031,59.252,-62.072,28.661
1,177827,1.452,5.063,10.623,0.062,-0.106,-0.022,59.559,-61.722,28.837
1,177831,1.452,5.063,10.623,0.062,-0.106,-0.022,59.559,-61.722,28.837
1,177917,1.358,4.130,7.990,0.378,-0.159,-0.015,58.989,-62.072,28.208
1,177921,1.358,4.130,7.990,0.378,-0.159,-0.015,59.047,-61.429,28.895
1,177924,1.427,4.351,8.244,0.282,-0.138,-0.015,59.047,-61.429,28.895
1,177947,1.484,4.514,8.310,0.147,-0.114,-0.017,58.711,-61.956,29.290
1,177951,1.484,4.514,8.310,0.147,-0.114,-0.017,58.711,-61.956,29.290
1,178057,1.425,3.775,7.781,0.166,-0.105,-0.018,57.761,-62.029,29.100
1,178067,1.492,3.933,8.083,0.181,-0.105,-0.018,57.761,-62.248,29.830
1,178071,1.490,3.827,8.040,0.220,-0.109,-0.018,58.039,-62.248,29.830
1,178075,1.490,3.827,8.040,0.220,-0.109,-0.018,58.039,-62.248,29.830
1,178096,1.472,3.802,7.073,0.265,-0.123,-0.021,58.156,-61.897,28.749
1,178100,1.379,3.690,7.196,0.213,-0.110,-0.022,58.156,-61.897,28.749
1,178158,1.427,3.484,6.575,0.148,-0.095,-0.026,58.068,-62.292,28.968
1,178161,1.446,3.547,6.559,0.142,-0.093,-0.027,58.068,-62.292,28.968
1,178165,1.446,3.547,6.559,0.142,-0.093,-0.027,58.068,-62.292,28.968
1,178187,1.460,3.602,7.025,0.117,-0.086,-0.028,57.629,-62.175,28.880
1,178293,0.900,1.743,7.163,-0.472,0.067,-0.059,57.512,-61.429,29.304
1,178368,1.065,3.422,7.371,-0.640,0.130,-0.049,58.068,-61.488,28.632
1,178474,1.084,3.674,8.724,-0.089,0.032,-0.065,58.799,-61.546,28.106
1,178517,0.986,4.210,10.763,-0.507,0.104,-0.072,58.872,-61.196,28.354
1,178521,0.906,3.327,9.885,-0.297,0.054,-0.065,59.106,-60.918,28.354
1,178525,0.906,3.327,9.885,-0.297,0.054,-0.065,59.106,-60.918,28.354
1,178546,1.260,4.049,11.170,0.139,-0.034,-0.057,59.339,-61.196,28.413
1,178710,1.265,4.351,10.951,0.519,-0.151,-0.055,59.851,-61.751,28.530
1,178727,1.320,4.843,10.408,0.490,-0.145,-0.056,60.026,-62.029,28.559
1,178731,1.320,4.843,10.408,0.490,-0.145,-0.056,59.792,-61.985,29.874
1,178735,1.320,4.357,9.857,0.490,-0.145,-0.056,59.792,-61.985,29.874
1,178787,1.363,5.256,9.546,0.556,-0.164,-0.059,59.471,-62.204,29.787
1,178791,1.363,5.256,9.546,0.556,-0.164,-0.059,59.836,-61.882,29.947
1,178847,1.054,5.032,9.984,0.426,-0.147,-0.062,59.559,-62.102,28.983
1,178851,1.054,5.032,9.984,0.426,-0.147,-0.062,60.216,-61.736,29.626
1,178958,0.654,4.186,7.577,0.615,-0.199,-0.051,59.646,-62.891,29.787
1,179100,0.620,3.425,6.488,-1.042,0.111,-0.067,59.456,-62.833,29.056
1,179117,0.519,2.692,7.497,-0.924,0.084,-0.064,59.500,-62.789,29.421
1,179121,0.519,2.692,7.497,-0.924,0.084,-0.064,59.427,-61.634,29.830
1,179125,0.519,2.692,7.497,-0.924,0.084,-0.064,59.427,-61.634,29.830
1,179250,0.556,3.867,8.255,-0.120,-0.088,-0.045,59.661,-62.686,29.114
1,179267,0.785,4.625,8.851,-0.241,-0.071,-0.045,59.997,-62.599,29.670
1,179271,0.785,4.625,8.851,-0.241,-0.071,-0.045,59.997,-62.599,29.670
1,179275,0.687,4.135,8.795,-0.220,-0.077,-0.046,59.997,-62.599,29.670
1,179296,0.547,3.236,7.986,0.071,-0.140,-0.039,59.880,-61.985,29.436
1,179300,0.547,3.236,7.986,0.071,-0.140,-0.039,59.880,-61.985,29.436
1,179357,0.641,3.328,8.606,0.095,-0.153,-0.038,59.836,-61.970,28.384
1,179361,0.820,3.435,7.627,0.095,-0.161,-0.037,59.836,-61.970,28.384
1,179365,0.820,3.435,7.627,0.125,-0.161,-0.037,60.143,-61.766,29.085
1,179386,1.128,4.560,9.383,0.111,-0.166,-0.035,59.822,-61.663,28.954
1,179390,0.964,4.515,9.242,0.111,-0.155,-0.039,59.778,-61.079,29.363
1,179394,0.964,4.515,9.242,0.101,-0.155,-0.039,59.778,-61.079,29.363
1,179417,0.797,4.031,7.801,-0.175,-0.105,-0.044,59.836,-62.219,28.793
1,179421,0.845,3.832,7.486,-0.594,-0.028,-0.049,59.836,-62.219,28.793
1,179424,0.845,3.832,7.486,-0.594,-0.028,-0.049,59.836,-62.219,28.793
1,179447,0.915,3.832,9.907,-0.575,-0.033,-0.048,59.997,-61.766,27.799
1,179538,0.786,2.875,8.407,-0.254,-0.104,-0.039,60.114,-61.122,28.720
1,179541,0.786,2.875,8.407,-0.254,-0.104,-0.039,60.114,-61.122,28.720
1,179544,0.786,2.875,8.407,-0.254,-0.104,-0.039,60.114,-61.122,28.720
1,179567,1.192,4.238,10.208,0.153,-0.188,-0.031,60.143,-60.889,28.369
1,179570,1.192,4.238,10.208,0.153,-0.188,-0.031,60.143,-60.889,28.369
1,179597,1.019,3.500,7.625,-0.280,-0.094,-0.043,60.509,-61.269,28.164
1,179601,1.019,3.500,7.625,-0.280,-0.094,-0.043,60.509,-61.269,28.164
1,179605,1.019,3.500,7.625,-0.280,-0.094,-0.043,60.509,-61.269,28.164
1,179658,1.234,3.587,9.031,0.098,-0.161,-0.035,60.246,-61.429,28.676
1,179661,1.234,3.587,9.031,0.098,-0.161,-0.035,60.567,-61.079,29.202
1,179893,1.525,4.041,9.784,0.077,-0.130,-0.051,60.552,-61.239,27.653
1,179927,1.561,4.041,12.230,0.143,-0.139,-0.051,60.859,-61.137,27.536
1,179988,1.606,4.386,10.933,0.224,-0.154,-0.051,61.225,-60.669,27.580
1,180017,1.235,3.100,12.278,0.159,-0.137,-0.060,61.269,-61.342,27.390
1,180021,1.235,3.100,12.278,0.159,-0.137,-0.060,61.269,-61.342,27.390
1,180025,1.235,3.100,12.278,0.159,-0.137,-0.060,61.269,-61.079,27.799
1,180046,1.443,4.020,11.202,0.123,-0.126,-0.054,60.962,-61.327,27.740
1,180078,1.457,4.063,11.218,0.274,-0.162,-0.059,60.816,-61.093,27.624
1,180107,1.427,4.007,11.212,0.156,-0.139,-0.060,61.035,-60.903,26.673
1,180110,1.427,4.007,11.212,0.156,-0.139,-0.060,61.035,-60.626,27.653
1,180137,1.529,3.988,11.844,0.098,-0.126,-0.060,61.166,-61.035,27.127
1,180198,1.528,4.208,11.943,0.308,-0.169,-0.059,60.786,-61.049,27.068
1,180201,1.528,4.208,11.943,0.308,-0.169,-0.059,60.786,-61.049,27.068
1,180205,1.606,4.471,11.928,0.348,-0.172,-0.056,60.786,-61.049,27.068
1,180227,1.580,4.149,11.995,0.155,-0.139,-0.062,60.582,-60.991,26.717
1,180230,1.580,4.149,11.995,0.155,-0.139,-0.062,60.582,-60.991,26.717
1,180234,1.592,4.001,11.521,0.123,-0.128,-0.064,60.801,-61.049,27.565
1,180256,1.503,4.132,12.097,0.155,-0.137,-0.060,60.552,-61.006,26.863
1,180390,1.519,3.882,12.102,-0.033,-0.070,-0.067,60.231,-60.786,26.600
1,180437,1.387,3.716,11.264,0.070,-0.077,-0.066,59.778,-60.450,27.463
1,180441,1.387,3.716,11.264,0.070,-0.077,-0.066,59.968,-60.187,27.740
1,180445,1.387,3.716,11.264,0.070,-0.077,-0.066,59.968,-60.187,27.740
1,180672,1.097,3.153,6.252,0.380,-0.075,-0.068,59.471,-61.006,27.916
1,180781,1.260,3.587,8.277,-0.049,0.035,-0.079,59.471,-61.152,28.340
1,180828,1.196,3.216,8.413,0.115,0.015,-0.081,59.515,-61.006,27.916
1,180857,1.256,3.787,8.278,0.205,0.000,-0.082,59.296,-61.444,28.237
1,180861,1.256,3.787,8.278,0.191,0.005,-0.082,59.296,-61.444,28.237
1,180864,1.256,3.787,8.278,0.191,0.005,-0.082,59.296,-61.444,28.237
1,180886,1.184,3.781,8.858,0.056,0.038,-0.086,59.909,-61.678,28.340
1,180917,1.141,3.945,8.077,-0.032,0.057,-0.086,59.617,-61.751,28.720
1,180921,1.141,3.945,8.077,-0.032,0.057,-0.086,59.939,-61.751,28.720
1,180924,1.141,3.945,8.077,-0.032,0.057,-0.086,59.939,-61.751,28.720
1,180947,0.988,3.893,9.270,-0.448,0.142,-0.089,59.602,-61.327,28.296
1,180977,0.847,3.844,9.071,-0.239,0.101,-0.081,59.895,-61.239,28.018
1,181038,0.826,4.047,9.826,0.148,0.017,-0.067,60.362,-61.561,28.296
1,181097,0.727,3.934,9.673,0.154,0.006,-0.059,60.392,-61.327,28.749
1,181127,0.549,3.648,8.935,0.264,-0.022,-0.056,60.611,-61.634,29.231
1,181131,0.421,3.113,8.588,0.264,-0.027,-0.055,60.611,-61.634,29.231
1,181392,0.620,3.412,8.139,0.130,-0.097,-0.001,60.962,-61.093,29.553
1,181427,0.619,3.763,7.553,0.012,-0.081,0.000,61.196,-61.692,29.494
1,181458,0.683,3.741,9.216,-0.068,-0.078,0.004,61.678,-61.488,29.699
1,181461,0.683,3.741,9.216,-0.068,-0.078,0.004,61.678,-61.488,29.699
1,181464,0.751,4.069,8.946,0.078,-0.105,0.005,61.678,-61.488,29.699
1,181488,0.627,3.949,8.237,-0.021,-0.092,0.004,60.772,-61.327,29.304
1,181547,0.268,3.047,8.681,0.138,-0.134,0.011,60.801,-61.283,29.509
1,181551,0.494,3.224,8.252,0.138,-0.134,0.011,60.801,-61.283,29.509
1,181554,0.494,3.224,8.252,0.195,-0.143,0.015,61.239,-61.327,29.450
1,181577,0.751,4.039,10.201,0.313,-0.184,0.020,61.415,-61.312,28.778
1,181581,0.445,3.772,9.697,0.313,-0.184,0.020,61.064,-60.947,29.933
1,181583,0.565,3.772,9.697,0.360,-0.186,0.017,61.064,-60.947,29.933
1,181709,0.812,3.909,8.119,0.104,-0.167,0.028,61.459,-61.020,29.407
1,181727,0.708,2.792,7.893,0.031,-0.159,0.032,61.415,-61.371,29.436
1,181731,0.708,2.792,7.893,0.028,-0.159,0.032,61.415,-61.371,29.436
1,181788,0.712,2.680,7.373,0.104,-0.173,0.032,61.444,-61.371,29.524
1,181817,0.925,4.269,9.766,0.140,-0.180,0.037,61.488,-61.429,29.348
1,181821,0.925,4.269,9.766,0.140,-0.180,0.037,61.488,-61.429,29.348
1,181825,0.925,4.269,10.379,0.140,-0.180,0.037,61.371,-61.093,28.530
1,181846,0.613,3.180,7.894,0.012,-0.153,0.038,61.444,-61.502,28.880
1,181877,0.937,3.474,9.546,0.018,-0.169,0.039,61.532,-61.532,28.457
1,181908,0.829,4.312,10.239,0.037,-0.159,0.038,61.576,-61.459,28.647
1,181911,0.829,4.312,10.239,0.037,-0.159,0.038,61.196,-61.020,28.822
1,181915,0.895,4.040,9.282,-0.111,-0.143,0.040,61.196,-61.020,28.822
1,181937,0.727,3.036,9.011,-0.183,-0.125,0.039,61.225,-61.444,28.720
1,181998,0.782,3.388,9.844,0.104,-0.182,0.042,60.859,-61.473,27.916
1,182000,0.899,3.728,10.064,0.104,-0.182,0.042,60.859,-61.473,27.916
1,182028,1.035,3.515,9.368,0.123,-0.186,0.040,61.093,-61.502,27.667
1,182031,1.055,3.450,9.613,0.144,-0.193,0.044,61.152,-61.400,28.296
1,182057,1.158,3.744,10.140,0.098,-0.181,0.043,60.976,-61.795,28.033
1,182060,1.207,4.027,10.555,0.087,-0.181,0.042,60.976,-61.795,28.033
1,182064,1.207,4.027,10.555,0.087,-0.181,0.042,60.976,-61.795,28.033
1,182118,1.144,3.023,10.613,-0.077,-0.136,0.034,61.269,-61.532,27.726
1,182121,1.298,3.651,10.266,0.087,-0.167,0.037,61.269,-61.532,27.726
1,182125,1.298,3.651,10.266,0.087,-0.167,0.037,61.269,-61.532,27.726
1,182147,1.298,3.953,10.622,0.062,-0.159,0.035,61.093,-61.079,27.433
1,182151,1.286,3.953,10.622,0.073,-0.158,0.033,61.093,-61.079,27.433
1,182237,1.291,3.611,10.542,0.116,-0.143,0.024,61.298,-61.254,26.673
1,182241,1.291,3.611,10.542,0.116,-0.143,0.024,61.079,-60.684,27.814
1,182244,1.291,3.611,10.542,0.116,-0.143,0.024,61.079,-60.684,27.814
1,182297,1.238,3.330,9.959,0.056,-0.119,0.012,61.400,-61.225,27.185
1,182301,1.238,3.330,9.959,0.056,-0.119,0.012,61.459,-60.509,27.200
1,182328,1.269,3.933,10.769,0.092,-0.120,0.007,61.327,-61.444,26.761
1,182357,1.365,3.692,10.398,0.034,-0.104,0.002,61.166,-60.889,26.980
1,182361,1.365,3.692,10.398,0.034,-0.104,0.002,61.166,-60.889,27.185
1,182417,1.312,3.901,11.035,0.094,-0.115,-0.004,61.210,-61.444,26.849
1,182477,1.326,3.727,10.799,0.037,-0.099,-0.011,60.742,-61.488,27.214
1,182538,1.531,4.108,11.797,0.042,-0.099,-0.017,61.049,-61.196,26.995
1,182541,1.475,3.848,10.850,0.031,-0.093,-0.020,61.049,-61.196,26.995
1,182567,1.430,3.649,11.118,0.062,-0.095,-0.021,61.079,-60.947,27.273
1,182627,1.553,3.752,11.196,0.067,-0.093,-0.029,60.874,-61.576,27.682
1,182658,1.539,4.018,11.603,0.097,-0.093,-0.032,60.596,-61.546,27.477
1,182661,1.539,4.018,11.603,0.097,-0.093,-0.032,60.596,-61.546,27.477
1,182871,1.239,3.900,11.123,0.056,-0.046,-0.043,60.289,-61.239,27.901
1,182958,0.863,2.938,8.216,0.087,-0.040,-0.043,59.705,-60.830,27.828
1,182988,0.955,3.249,8.296,0.084,-0.037,-0.042,59.602,-61.049,28.223
1,183078,0.907,2.830,6.689,0.259,-0.055,-0.044,60.129,-61.239,28.427
1,183107,0.840,2.712,6.683,0.077,-0.017,-0.050,63.373,-61.371,28.822
1,183111,0.840,2.712,6.683,0.077,-0.017,-0.050,59.866,-61.371,28.822
1,183115,0.840,2.712,6.683,0.077,-0.017,-0.050,59.866,-61.371,28.822
1,183342,0.915,3.101,8.436,0.053,-0.028,-0.046,60.333,-61.809,28.398
1,183437,0.799,3.568,8.320,-0.131,-0.016,-0.042,59.573,-60.932,27.974
1,183441,0.669,3.031,9.041,-0.327,0.021,-0.044,60.114,-60.859,28.793
1,183528,0.729,3.349,9.509,0.073,-0.088,-0.032,59.734,-61.108,28.077
1,183558,0.653,2.924,9.123,0.225,-0.127,-0.027,59.617,-60.976,27.843
1,183561,0.653,2.924,9.123,0.225,-0.127,-0.027,59.939,-60.728,27.930
1,183618,0.799,3.355,9.596,0.214,-0.144,-0.026,59.749,-61.196,27.375
1,183621,0.799,3.355,9.596,0.214,-0.144,-0.026,59.749,-61.196,27.375
1,183647,0.663,3.034,9.252,0.077,-0.123,-0.026,60.319,-61.137,27.887
1,183651,0.663,3.034,9.252,0.077,-0.123,-0.026,60.319,-61.137,27.887
1,183738,0.675,2.704,9.391,0.345,-0.203,-0.015,59.617,-61.663,27.287
1,183767,0.793,2.941,8.887,0.640,-0.269,-0.006,59.559,-61.766,28.208
1,184063,1.054,2.656,8.146,0.009,-0.145,-0.021,59.266,-61.692,28.091
1,184097,1.027,2.674,8.037,0.059,-0.149,-0.026,59.296,-61.517,27.638
1,184187,1.204,3.002,8.807,0.061,-0.133,-0.037,59.427,-61.619,27.624
1,184191,1.204,3.002,9.113,0.061,-0.133,-0.037,59.427,-61.619,27.624
1,184195,1.175,2.969,8.907,0.048,-0.127,-0.038,59.427,-61.619,27.624
1,184216,1.213,3.078,8.822,0.066,-0.126,-0.040,59.559,-61.049,27.565
1,184248,1.359,3.330,9.235,0.054,-0.116,-0.045,59.442,-61.707,28.018
1,184251,1.302,3.216,9.263,0.046,-0.116,-0.049,59.442,-61.707,28.018
1,184254,1.302,3.216,9.263,0.046,-0.116,-0.049,59.442,-61.707,28.018
1,184380,1.342,3.856,10.327,0.006,-0.083,-0.066,59.778,-61.269,27.419
1,184397,1.269,3.228,9.519,-0.220,-0.040,-0.071,59.486,-61.488,27.214
1,184401,1.269,3.228,9.519,-0.220,-0.040,-0.071,59.486,-61.488,27.214
1,184405,1.269,3.228,9.519,-0.220,-0.040,-0.071,59.734,-60.976,27.141
1,184426,1.352,3.386,10.253,0.114,-0.106,-0.065,59.822,-61.356,27.887
1,184430,1.352,3.386,10.253,0.114,-0.106,-0.065,59.939,-60.801,27.814
1,184458,1.310,3.653,11.087,0.112,-0.100,-0.072,60.085,-61.283,27.507
1,184461,1.310,3.653,11.087,0.112,-0.100,-0.072,60.085,-61.283,27.507
1,184464,1.310,3.653,11.087,0.112,-0.100,-0.072,60.085,-61.283,27.507
1,184517,1.415,3.063,10.744,0.106,-0.090,-0.079,60.728,-61.152,27.609
1,184520,1.415,3.063,10.744,0.106,-0.090,-0.079,60.728,-61.152,27.609
1,184578,1.395,3.036,10.110,-0.055,-0.043,-0.094,61.196,-61.064,28.369
1,184607,1.376,3.521,10.449,0.177,-0.084,-0.095,61.093,-60.874,27.448
1,184611,1.376,3.521,10.449,0.177,-0.084,-0.095,61.093,-60.874,27.448
1,184636,1.183,3.254,10.662,0.061,-0.056,-0.104,60.947,-61.122,27.974
1,184667,1.340,3.486,10.739,-0.060,-0.026,-0.106,61.049,-60.684,27.550
1,184698,1.243,3.613,10.104,0.188,-0.073,-0.111,61.415,-60.655,27.185
1,184701,1.277,3.900,10.410,0.094,-0.060,-0.112,61.166,-60.567,27.127
1,184705,1.277,3.900,10.410,0.094,-0.060,-0.112,61.166,-60.567,27.127
1,184727,1.224,3.687,11.087,0.089,-0.057,-0.119,61.196,-60.830,27.200
1,184730,1.174,3.575,10.964,0.017,-0.043,-0.116,61.196,-60.830,27.200
1,184757,1.239,3.800,10.988,-0.055,-0.023,-0.121,61.386,-60.684,27.156
1,184788,1.121,3.393,10.250,0.111,-0.068,-0.119,61.649,-60.816,27.346
1,184791,1.131,3.661,10.960,0.094,-0.066,-0.120,61.649,-60.816,27.346
1,184794,1.131,3.661,10.960,0.094,-0.066,-0.120,61.649,-60.816,27.346
1,184817,1.205,3.919,11.640,0.120,-0.072,-0.120,61.824,-60.567,27.170
1,184820,1.143,3.750,11.401,0.100,-0.068,-0.122,61.824,-60.538,27.229
1,184847,1.184,3.575,10.719,0.034,-0.060,-0.123,61.444,-60.596,27.317
1,184851,1.184,3.575,10.719,0.034,-0.060,-0.123,61.444,-60.596,27.317
1,184855,1.184,3.575,10.719,0.034,-0.060,-0.123,61.444,-60.596,27.317
1,184876,1.150,3.453,11.397,0.357,-0.131,-0.119,61.897,-61.020,27.243
1,184880,1.150,3.453,11.397,0.357,-0.131,-0.119,61.897,-61.020,27.243
1,184884,1.150,3.453,11.397,0.357,-0.131,-0.119,62.379,-60.392,27.433
1,184907,1.126,3.703,10.976,0.362,-0.133,-0.119,61.736,-60.582,27.770
1,184937,1.120,3.520,11.410,0.235,-0.120,-0.121,61.736,-60.786,27.989
1,184941,1.120,3.520,11.410,0.235,-0.120,-0.121,61.736,-60.786,27.989
1,184945,1.117,3.623,11.281,0.235,-0.120,-0.116,62.058,-60.596,28.603
1,184967,1.072,3.685,11.483,0.186,-0.114,-0.120,61.707,-61.093,28.267
1,184998,1.150,3.830,11.281,0.143,-0.114,-0.117,61.561,-61.546,28.413
1,185057,1.114,3.831,11.486,0.319,-0.161,-0.110,61.795,-61.035,27.507
1,185061,1.114,3.831,11.486,0.319,-0.161,-0.110,61.795,-61.035,27.507
1,185220,1.351,3.968,12.001,-0.200,-0.090,-0.100,60.552,-60.582,27.726
1,185297,1.271,3.693,11.107,0.017,-0.128,-0.093,60.494,-60.596,28.340
1,185301,1.271,3.693,11.107,0.017,-0.128,-0.093,60.041,-60.596,28.340
1,185304,1.271,3.693,11.107,0.017,-0.128,-0.093,60.041,-60.596,28.340
1,185327,1.178,3.502,10.722,0.020,-0.127,-0.089,60.041,-60.406,28.530
1,185331,1.178,3.502,10.722,0.020,-0.127,-0.089,60.041,-60.406,28.530
1,185333,1.178,3.502,10.722,0.020,-0.127,-0.089,60.041,-60.406,28.530
1,185521,0.744,2.841,5.246,0.513,-0.199,-0.078,59.471,-60.362,28.559
1,185597,0.614,2.606,5.375,0.351,-0.167,-0.081,59.135,-60.669,28.837
1,185627,0.766,2.462,6.669,0.064,-0.114,-0.083,59.412,-61.093,28.574
1,185631,0.762,2.308,6.453,0.062,-0.116,-0.084,59.193,-60.889,28.574
1,185634,0.762,2.308,6.453,0.062,-0.116,-0.084,59.193,-60.889,28.574
1,185657,0.826,2.783,6.903,0.087,-0.120,-0.083,59.091,-61.035,28.135
1,185661,0.811,2.867,6.884,0.048,-0.106,-0.087,59.091,-61.035,28.135
1,185687,0.889,3.078,7.616,-0.089,-0.084,-0.087,59.237,-61.093,27.974
1,185748,1.030,3.165,8.698,-0.100,-0.087,-0.081,58.901,-60.874,27.448
1,185751,1.030,3.165,8.698,-0.100,-0.087,-0.081,58.477,-60.012,27.726
1,185754,1.030,3.165,8.698,-0.100,-0.087,-0.081,58.477,-60.012,27.726
1,185777,1.100,3.318,9.748,-0.103,-0.087,-0.081,58.536,-60.669,27.463
1,185807,1.107,2.826,9.319,0.055,-0.115,-0.078,58.609,-60.392,27.317
1,185811,1.107,2.826,9.319,0.055,-0.115,-0.078,58.609,-60.392,27.317
1,185917,1.193,3.346,9.050,0.404,-0.171,-0.072,58.901,-60.816,27.872
1,186163,0.792,2.717,8.517,0.132,-0.092,-0.066,59.091,-61.429,27.083
1,186167,0.749,2.692,8.582,0.134,-0.090,-0.065,59.369,-61.093,27.477
1,186227,0.696,2.447,7.935,0.090,-0.079,-0.056,59.062,-61.035,28.822
1,186333,0.857,2.704,8.345,-0.105,-0.042,-0.045,59.559,-60.596,27.243
1,186408,0.794,2.528,8.009,0.136,-0.083,-0.033,59.486,-61.108,28.398
1,186411,0.794,2.713,8.221,0.136,-0.083,-0.033,59.515,-59.968,28.150
1,186415,0.814,2.713,8.221,0.071,-0.071,-0.031,59.515,-59.968,28.150
1,186437,0.857,3.117,8.552,0.077,-0.068,-0.028,59.252,-61.225,28.457
1,186440,0.857,3.117,8.076,0.077,-0.068,-0.028,59.252,-61.225,28.457
1,186444,0.753,3.127,8.076,-0.010,-0.050,-0.034,59.252,-61.225,28.457
1,186466,0.645,2.443,7.583,-0.281,0.001,-0.038,59.676,-60.479,28.398
1,186470,0.787,2.217,8.445,-0.281,-0.004,-0.034,59.676,-60.479,28.398
1,186474,0.787,2.217,8.445,-0.286,-0.004,-0.034,59.763,-60.216,28.310
1,186528,0.730,2.779,8.201,0.028,-0.064,-0.028,60.026,-60.421,28.296
1,186634,1.027,2.912,9.220,-0.216,-0.013,-0.043,60.582,-60.450,28.325
1,186647,0.893,1.912,9.191,0.039,-0.060,-0.039,60.684,-60.158,28.793
1,186708,0.867,2.365,10.001,-0.020,-0.048,-0.046,60.479,-60.114,28.164
1,186738,1.218,3.992,9.757,0.081,-0.064,-0.046,60.450,-59.880,28.749
1,186741,1.218,3.992,9.757,0.081,-0.064,-0.046,61.064,-59.632,28.851
1,186767,0.909,2.850,10.418,0.037,-0.056,-0.048,61.035,-59.851,29.114
1,186771,0.909,2.850,10.418,0.037,-0.056,-0.048,61.035,-59.851,29.114
1,186775,1.047,3.702,11.300,0.055,-0.056,-0.050,61.035,-59.851,29.114
1,186797,0.950,3.165,10.979,0.155,-0.070,-0.051,61.196,-59.953,28.077
1,186857,0.725,2.946,11.279,0.171,-0.078,-0.045,61.780,-60.099,28.369
1,186888,0.705,3.254,9.951,0.261,-0.098,-0.044,61.663,-59.749,28.983
1,186891,0.861,3.139,9.789,0.206,-0.089,-0.044,61.663,-59.749,28.983
1,186895,0.861,3.139,9.789,0.206,-0.089,-0.044,61.663,-59.749,28.983
1,186948,0.617,2.861,9.982,0.023,-0.056,-0.042,62.204,-60.392,28.398
1,186951,0.689,2.681,10.555,0.040,-0.064,-0.039,62.277,-60.012,28.837
1,186955,0.689,2.681,10.555,0.040,-0.064,-0.039,62.277,-60.012,28.837
1,186977,0.916,3.537,10.847,0.164,-0.094,-0.035,61.956,-60.026,27.930
1,187007,0.847,3.473,11.082,0.189,-0.104,-0.032,62.043,-60.275,28.120
1,187011,0.753,3.521,11.082,0.017,-0.070,-0.031,62.306,-60.070,28.778
1,187014,0.753,3.521,11.082,0.017,-0.070,-0.031,62.306,-60.070,28.778
1,187037,0.756,3.111,11.320,0.048,-0.082,-0.029,62.189,-60.684,27.974
1,187041,0.751,2.899,11.184,0.104,-0.097,-0.029,62.189,-60.684,27.974
1,187043,0.751,2.899,11.184,0.104,-0.097,-0.029,62.189,-60.684,27.974
1,187067,1.024,3.668,11.347,0.137,-0.115,-0.020,62.643,-60.348,28.223
1,187097,0.879,3.567,11.971,0.103,-0.112,-0.020,62.175,-60.158,28.544
1,187127,1.043,3.161,10.971,0.088,-0.116,-0.010,62.438,-60.172,27.989
1,187131,1.043,3.161,10.971,0.088,-0.116,-0.010,62.438,-60.172,27.989
1,187187,1.066,3.307,11.486,0.148,-0.140,0.004,62.365,-60.202,28.033
1,187191,1.066,3.307,11.486,0.148,-0.140,0.004,62.365,-60.202,28.033
1,187195,1.058,3.081,11.304,0.133,-0.140,0.005,62.365,-59.997,27.916
1,187216,1.256,3.318,11.367,0.109,-0.140,0.009,62.526,-60.187,28.267
1,187220,1.256,3.318,11.367,0.109,-0.140,0.009,62.365,-59.836,28.705
1,187327,1.295,3.389,11.813,0.134,-0.156,0.023,61.780,-60.611,27.916
1,187337,1.326,3.620,11.740,0.144,-0.165,0.032,62.102,-60.421,27.565
1,187368,1.305,3.188,11.582,0.167,-0.165,0.029,61.985,-60.918,27.843
1,187371,1.358,3.374,11.667,0.142,-0.159,0.032,61.985,-60.918,27.843
1,187397,1.230,2.922,11.829,0.054,-0.145,0.034,61.766,-61.035,27.945
1,187400,1.286,3.139,11.658,0.079,-0.151,0.032,61.766,-61.035,27.945
1,187427,1.376,3.546,11.876,0.077,-0.151,0.034,61.093,-60.567,27.945
1,187488,1.311,2.972,12.257,-0.026,-0.112,0.039,61.020,-60.275,27.887
1,187577,1.359,3.371,11.555,0.112,-0.149,0.043,60.202,-60.479,26.644
1,187581,1.359,3.371,11.555,0.112,-0.149,0.043,60.202,-60.479,26.644
1,187607,1.198,2.984,10.928,0.104,-0.143,0.042,60.099,-60.757,27.010
1,187698,1.161,3.494,9.174,0.044,-0.121,0.040,58.828,-60.436,26.893
1,187701,1.161,3.494,9.174,0.044,-0.121,0.040,58.828,-60.436,26.893
1,187788,0.753,2.223,7.138,0.076,-0.109,0.044,58.623,-60.333,27.463
1,187791,0.846,2.483,7.077,0.130,-0.119,0.044,58.623,-60.333,27.463
1,187794,0.846,2.483,7.077,0.130,-0.119,0.044,58.872,-60.289,27.828
1,187951,0.835,2.520,6.136,0.095,-0.054,0.024,58.141,-60.991,28.120
1,187967,0.744,2.526,6.694,0.134,-0.059,0.023,57.761,-61.488,27.740
1,188027,0.900,2.548,7.383,0.110,-0.043,0.017,57.863,-60.801,27.638
1,188031,0.900,2.548,7.383,0.110,-0.043,0.017,57.863,-60.801,27.638
1,188035,1.058,2.753,6.792,0.110,-0.043,0.017,57.863,-60.801,27.638
1,188056,1.266,3.564,8.699,-0.138,0.011,0.015,58.156,-61.137,26.893
1,188456,0.805,2.685,8.362,0.503,-0.136,0.010,58.916,-61.736,28.047
1,188507,0.803,2.426,8.216,0.137,-0.073,0.006,59.471,-61.649,28.208
1,188511,0.803,2.426,8.216,0.137,-0.073,0.006,59.471,-61.649,28.208
1,188538,0.857,2.444,8.346,0.097,-0.070,0.005,59.398,-61.649,28.150
1,188541,0.857,2.444,8.346,0.097,-0.070,0.005,59.383,-61.298,28.734
1,188544,0.937,2.691,8.250,0.064,-0.061,0.005,59.383,-61.298,28.734
1,188567,0.944,2.569,8.504,-0.414,0.031,-0.004,59.310,-61.371,28.047
1,188571,0.944,2.569,8.504,-0.414,0.031,-0.004,59.310,-61.371,28.047
1,188574,0.851,2.144,8.447,-0.500,0.046,-0.005,59.310,-61.371,28.047
1,188596,0.846,2.142,8.401,-0.237,-0.004,-0.002,59.632,-61.415,28.325
1,188600,0.846,2.142,8.401,-0.237,-0.004,-0.002,59.632,-60.947,28.632
1,188604,0.843,2.157,8.608,-0.195,-0.011,-0.001,59.632,-60.947,28.632
1,188658,0.840,2.157,8.492,0.127,-0.073,-0.004,59.296,-61.502,27.930
1,188688,0.876,2.709,8.279,0.117,-0.068,-0.009,59.909,-61.707,29.772
1,188692,0.778,2.466,8.037,0.112,-0.065,-0.010,59.909,-61.707,29.772
1,188695,0.778,2.466,8.037,0.112,-0.065,-0.010,59.909,-61.707,29.772
1,188716,0.769,2.106,7.694,0.116,-0.070,-0.010,59.807,-61.561,28.237
1,188777,1.024,3.370,8.491,-0.170,-0.011,-0.021,59.676,-61.444,28.515
1,188781,0.811,2.139,8.491,-0.516,0.055,-0.029,59.676,-61.444,28.515
1,188785,0.811,2.139,8.491,-0.516,0.055,-0.029,60.070,-61.386,29.173
1,188836,0.916,2.168,8.930,-0.767,0.110,-0.040,59.982,-60.786,28.880
1,188840,0.916,2.168,8.930,-0.776,0.115,-0.040,59.982,-60.786,28.880
1,188844,0.916,2.168,8.930,-0.776,0.115,-0.040,59.982,-60.786,28.880
1,188867,1.120,2.800,9.830,0.106,-0.054,-0.034,60.626,-60.699,28.574
1,188871,1.120,2.800,9.830,0.106,-0.054,-0.034,60.918,-59.792,29.217
1,188874,1.120,2.800,9.830,0.106,-0.054,-0.034,60.918,-59.792,29.217
1,188897,1.068,2.906,9.447,0.070,-0.043,-0.039,60.845,-60.845,29.509
1,188927,1.088,2.778,9.583,0.068,-0.040,-0.045,61.122,-60.479,28.778
1,188931,1.088,2.778,9.583,0.068,-0.040,-0.045,61.634,-60.421,28.968
1,188934,1.029,2.711,9.553,0.068,-0.040,-0.048,61.634,-60.421,28.968
1,189017,0.970,2.618,9.218,0.079,-0.040,-0.059,61.429,-60.699,29.231
1,189021,0.970,2.618,9.218,0.079,-0.040,-0.059,61.429,-60.699,29.231
1,189127,0.912,2.841,11.080,0.095,-0.045,-0.072,62.219,-60.538,28.237
1,189167,0.835,2.721,10.869,0.106,-0.054,-0.073,62.277,-60.889,28.588
1,189171,0.902,3.022,11.498,0.083,-0.046,-0.076,62.277,-60.889,28.588
1,189174,0.902,3.022,11.498,0.083,-0.046,-0.076,62.277,-60.889,28.588
1,189257,0.754,2.834,10.575,0.098,-0.048,-0.083,62.891,-61.166,27.916
1,189261,0.754,2.834,10.575,0.024,-0.048,-0.083,63.359,-61.093,29.144
1,189288,0.769,2.394,10.861,0.156,-0.082,-0.081,63.315,-61.035,29.553
1,189317,0.879,3.472,11.603,0.287,-0.115,-0.082,63.023,-60.962,29.217
1,189321,0.879,3.472,11.603,0.287,-0.115,-0.082,63.023,-60.962,29.217
1,189325,0.879,3.472,11.603,0.287,-0.115,-0.082,63.403,-60.538,29.348
1,189347,0.721,2.918,10.656,-0.158,-0.033,-0.092,63.052,-60.699,28.968
1,189408,0.589,2.329,11.474,0.076,-0.101,-0.088,63.198,-61.049,28.749
1,189467,0.724,2.925,11.905,0.094,-0.128,-0.087,63.403,-60.333,28.778
1,189471,0.724,2.925,11.905,0.094,-0.128,-0.087,63.607,-60.143,29.816
1,189474,0.906,3.538,12.244,0.066,-0.126,-0.084,63.607,-60.143,29.816
1,189557,0.969,3.479,12.750,0.132,-0.169,-0.082,62.730,-60.932,28.617
1,189561,0.988,3.127,12.364,0.101,-0.165,-0.087,62.730,-60.932,28.617
1,189587,0.971,2.952,12.702,0.126,-0.173,-0.084,62.467,-60.918,29.304
1,189591,0.948,2.828,12.830,0.209,-0.193,-0.086,62.467,-60.669,28.822
1,189594,0.948,2.828,12.830,0.209,-0.193,-0.086,63.417,-60.669,28.822
1,189647,0.848,3.057,12.389,0.105,-0.184,-0.086,62.365,-60.699,28.047
1,189708,0.835,3.433,12.334,-0.035,-0.162,-0.082,61.853,-60.903,28.617
1,189711,0.835,3.433,12.334,-0.035,-0.162,-0.082,61.853,-60.903,28.617
1,189714,0.835,3.433,12.334,-0.035,-0.162,-0.082,61.985,-60.684,28.617
1,189738,0.907,3.109,12.348,0.016,-0.172,-0.082,61.780,-60.845,28.120
1,189741,0.907,3.109,12.348,0.016,-0.172,-0.082,61.590,-60.406,28.822
1,189745,0.907,3.109,12.348,0.016,-0.172,-0.082,61.590,-60.406,28.822
1,189767,0.928,3.622,11.780,0.066,-0.181,-0.084,61.546,-61.064,28.486
1,189770,0.928,3.622,11.780,0.066,-0.181,-0.084,61.546,-61.064,28.486
1,189774,0.928,3.622,11.780,0.066,-0.181,-0.084,61.546,-61.064,28.486
1,189796,0.860,3.089,11.867,-0.356,-0.097,-0.087,61.020,-60.962,28.793
1,189828,0.881,3.163,10.923,0.065,-0.170,-0.084,61.473,-60.626,28.413
1,189831,0.881,3.163,10.923,0.065,-0.170,-0.084,61.473,-60.626,28.413
1,189834,0.840,3.153,10.916,0.039,-0.164,-0.082,61.473,-60.626,28.413
1,189856,0.781,2.810,10.813,-0.117,-0.132,-0.084,60.728,-60.552,28.851
1,189860,0.781,2.810,10.813,-0.117,-0.132,-0.084,60.728,-60.099,28.837
1,189990,0.507,2.039,7.424,0.197,-0.178,-0.078,60.187,-60.655,28.296
1,190038,0.404,1.590,5.900,0.349,-0.200,-0.075,59.661,-60.669,27.624
1,190041,0.385,1.534,5.776,0.469,-0.226,-0.072,59.661,-60.669,27.624
1,190201,0.531,1.939,6.909,-0.502,-0.038,-0.087,58.916,-60.816,26.644
1,190248,1.024,2.785,8.587,0.012,-0.144,-0.076,59.047,-60.786,27.185
1,190251,1.024,2.785,8.587,0.012,-0.144,-0.076,59.047,-60.786,27.185
1,190254,1.161,3.433,8.870,0.012,-0.144,-0.079,59.179,-60.538,26.937
1,190379,1.150,1.944,10.647,0.277,-0.199,-0.065,59.047,-60.596,26.732
1,190397,1.183,2.400,9.760,0.740,-0.291,-0.062,58.506,-60.392,27.141
1,190693,1.059,2.684,9.433,0.055,-0.127,-0.059,57.629,-61.108,26.732
1,190788,0.973,2.096,9.211,-0.055,-0.094,-0.065,57.966,-60.742,26.513
1,190894,1.204,2.425,8.777,-0.165,-0.055,-0.072,58.199,-60.099,26.060
1,190908,1.183,2.247,8.337,-0.242,-0.035,-0.075,57.966,-60.304,26.220
1,190911,1.135,1.866,8.081,-0.302,-0.024,-0.077,57.966,-60.304,26.220
1,190915,1.135,1.866,8.081,-0.302,-0.024,-0.077,57.980,-60.202,27.185
1,190937,1.243,1.935,8.914,-0.031,-0.075,-0.075,58.156,-60.114,26.644
1,190940,1.195,1.899,8.879,0.065,-0.088,-0.076,58.156,-60.114,26.644
1,190944,1.195,1.899,8.879,0.065,-0.088,-0.076,58.156,-60.114,26.644
1,190998,1.172,1.997,8.611,0.067,-0.076,-0.078,58.448,-60.362,26.717
1,191000,1.192,1.997,8.611,0.062,-0.071,-0.079,58.477,-60.056,26.995
1,191027,1.263,2.122,8.137,0.056,-0.060,-0.083,58.258,-59.763,26.220
1,191057,1.159,1.994,8.600,0.079,-0.064,-0.083,58.346,-60.143,26.937
1,191087,1.131,2.222,8.383,0.083,-0.054,-0.088,58.799,-60.012,26.615
1,191091,1.131,2.222,8.383,0.083,-0.054,-0.088,58.799,-60.012,26.615
1,191177,1.019,2.102,9.026,0.044,-0.027,-0.097,59.018,-60.070,27.287
1,191181,1.019,2.102,9.026,0.044,-0.027,-0.097,59.018,-60.070,27.287
1,191184,1.000,2.162,8.940,0.043,-0.020,-0.097,59.471,-59.792,26.834
1,191207,1.116,2.276,9.042,0.071,-0.026,-0.098,59.325,-60.333,26.805
1,191400,0.960,2.753,9.705,0.109,-0.024,-0.104,60.728,-59.953,27.594
1,191417,0.851,2.709,10.026,0.104,-0.023,-0.101,60.655,-60.187,28.164
1,191421,0.848,2.581,10.458,0.054,-0.021,-0.104,60.655,-60.187,28.164
1,191424,0.848,2.581,10.458,0.054,-0.021,-0.104,60.655,-60.187,28.164
1,191477,0.860,2.637,10.459,0.068,-0.033,-0.100,61.225,-60.348,28.004
1,191583,0.922,2.358,10.778,-0.020,-0.044,-0.090,61.766,-60.304,27.433
1,191597,0.981,2.655,11.267,0.081,-0.066,-0.086,61.780,-60.289,28.617
1,191601,0.981,2.655,11.267,0.081,-0.066,-0.086,61.780,-60.289,28.617
1,191708,1.237,3.065,13.016,0.098,-0.098,-0.071,61.882,-60.187,28.208
1,191807,1.158,3.309,12.875,0.225,-0.150,-0.057,62.175,-59.982,28.500
1,191868,1.023,2.413,12.744,0.203,-0.165,-0.046,61.707,-59.734,28.690
1,191897,1.162,3.069,12.589,0.299,-0.187,-0.044,61.809,-59.792,27.594
1,191901,1.162,3.069,12.589,0.159,-0.161,-0.044,61.809,-59.792,27.594
1,191905,1.162,3.069,12.589,0.159,-0.161,-0.044,61.868,-59.982,28.208
1,191926,1.120,2.696,12.327,0.065,-0.148,-0.043,61.429,-60.041,27.463
1,191987,1.149,2.691,11.951,0.103,-0.165,-0.033,60.932,-59.471,27.536
1,191991,1.149,2.691,11.951,0.103,-0.165,-0.033,60.932,-59.398,28.296
1,191995,1.149,2.691,11.951,0.103,-0.165,-0.033,60.932,-59.398,28.296
1,192120,1.109,2.975,11.783,-0.012,-0.133,-0.021,59.982,-59.880,27.053
1,192137,1.017,2.603,11.313,-0.020,-0.127,-0.020,60.041,-59.763,27.901
1,192141,1.017,2.603,11.313,-0.020,-0.127,-0.020,60.041,-59.763,27.901
1,192144,0.951,2.474,10.869,-0.021,-0.127,-0.020,60.041,-59.763,27.901
1,192167,1.031,2.888,10.349,0.054,-0.142,-0.013,59.836,-59.909,27.404
1,192171,1.017,2.942,10.186,0.054,-0.142,-0.013,59.836,-59.909,27.404
1,192174,1.017,2.942,10.186,0.033,-0.136,-0.013,60.114,-59.588,27.726
1,192198,0.835,2.431,9.951,0.057,-0.137,-0.010,59.515,-59.515,27.770
1,192201,0.847,2.487,9.606,0.067,-0.137,-0.009,59.515,-59.515,27.770
1,192257,0.753,2.382,7.694,0.186,-0.153,0.002,59.588,-59.646,27.770
1,192261,0.739,2.654,7.847,0.111,-0.136,0.001,59.018,-59.909,28.194
1,192264,0.739,2.654,7.847,0.111,-0.136,0.001,59.018,-59.909,28.194
1,192287,0.571,1.869,6.793,0.133,-0.134,0.005,59.296,-59.982,27.302
1,192393,0.792,2.358,4.940,0.784,-0.235,0.018,58.346,-60.348,27.273
1,192467,0.945,2.197,6.415,0.803,-0.225,0.013,58.156,-60.932,27.375
1,192527,0.760,1.542,6.775,-0.075,-0.046,-0.002,58.419,-61.137,27.068
1,192587,0.985,2.216,9.174,-1.164,0.161,-0.020,58.287,-60.172,26.045
1,192618,1.059,2.437,10.463,-0.044,-0.057,-0.004,58.185,-60.129,26.206
1,192647,1.289,2.959,10.013,0.161,-0.098,-0.001,58.287,-60.304,25.884
1,192676,1.056,1.817,10.162,0.193,-0.106,0.000,58.536,-60.406,26.264
1,192913,1.114,2.405,9.704,0.133,-0.079,-0.010,58.828,-60.523,27.039
1,192977,0.998,2.492,9.639,0.166,-0.086,-0.012,58.886,-60.611,26.425
1,193037,0.948,2.459,9.346,0.149,-0.083,-0.016,58.726,-60.918,27.083
1,193127,0.945,2.423,8.788,-0.012,-0.049,-0.024,58.404,-60.742,27.726
1,193158,0.876,2.215,8.620,-0.071,-0.037,-0.027,59.222,-60.611,27.097
1,193161,0.853,2.137,8.661,-0.071,-0.035,-0.029,59.222,-60.611,27.097
1,193165,0.853,2.137,8.661,-0.071,-0.035,-0.029,58.784,-60.669,28.106
1,193187,0.867,2.200,8.250,0.005,-0.049,-0.029,59.062,-60.699,27.960
1,193217,0.950,2.319,8.804,0.104,-0.065,-0.031,58.872,-60.538,27.828
1,193380,0.951,2.210,8.183,0.035,-0.037,-0.049,59.676,-60.640,27.711
1,193397,0.955,2.428,7.856,-0.090,-0.015,-0.050,59.968,-60.845,28.223
1,193401,0.955,2.428,7.856,-0.090,-0.015,-0.050,59.968,-60.845,28.223
1,193405,0.975,2.121,8.181,-0.219,0.011,-0.054,59.968,-60.845,28.223
1,193426,1.029,2.499,9.156,-0.086,-0.013,-0.055,59.749,-60.304,27.784
1,193430,1.029,2.499,9.156,-0.086,-0.013,-0.055,59.749,-60.304,27.784
1,193434,0.988,2.503,9.241,-0.001,-0.029,-0.053,60.406,-60.246,28.208
1,193517,0.943,2.383,8.768,0.026,-0.043,-0.059,60.450,-60.713,28.018
1,193521,0.971,2.308,9.129,0.026,-0.051,-0.057,60.172,-59.982,28.749
1,193524,0.971,2.308,9.129,0.050,-0.051,-0.057,60.172,-59.982,28.749
1,193547,1.080,2.538,10.091,0.044,-0.053,-0.060,60.552,-60.479,27.887
1,193680,1.005,3.025,10.759,0.006,-0.060,-0.060,61.415,-60.172,27.419
1,193697,0.944,2.719,9.898,0.011,-0.067,-0.061,61.663,-60.538,27.638
1,193701,0.944,2.719,9.898,0.011,-0.067,-0.061,61.663,-60.538,27.638
1,193705,0.944,2.719,9.898,0.011,-0.067,-0.061,61.897,-60.289,27.770
1,193788,0.999,2.863,11.173,0.018,-0.089,-0.065,61.751,-60.348,28.851
1,193791,0.999,2.863,11.173,0.018,-0.089,-0.065,61.751,-60.348,28.851
1,193794,1.114,3.025,11.702,0.018,-0.089,-0.062,61.751,-60.348,28.851
1,193919,0.958,2.778,11.870,0.285,-0.166,-0.067,62.306,-59.982,28.062
1,193967,1.011,2.693,10.886,0.026,-0.126,-0.070,62.146,-60.099,27.843
1,193971,1.037,2.735,11.804,0.043,-0.133,-0.071,62.029,-59.924,27.390
1,193974,1.037,2.735,11.804,0.043,-0.133,-0.071,62.029,-59.924,27.390
1,194130,1.098,2.370,12.595,0.373,-0.210,-0.075,61.634,-60.216,27.711
1,194147,1.184,2.790,12.345,0.494,-0.230,-0.072,61.342,-60.494,27.229
1,194281,1.218,2.760,11.873,0.125,-0.144,-0.075,60.918,-60.377,27.448
1,194297,1.228,2.850,12.002,0.100,-0.131,-0.073,60.772,-60.786,27.638
1,194301,1.228,2.850,12.002,0.100,-0.131,-0.073,60.772,-60.246,27.814
1,194408,1.134,2.437,11.107,-0.495,0.028,-0.076,60.436,-60.158,27.594
1,194417,1.044,2.357,11.529,-0.373,0.010,-0.076,60.479,-59.705,28.223
1,194420,1.101,2.394,10.607,-0.122,-0.038,-0.072,60.479,-59.705,28.223
1,194424,1.101,2.394,10.607,-0.122,-0.038,-0.072,60.479,-59.836,28.354
1,194447,1.074,2.827,10.433,-0.006,-0.046,-0.070,60.216,-59.763,27.814
1,194477,0.914,2.508,10.245,0.081,-0.054,-0.067,59.676,-59.895,27.375
1,194481,0.968,2.618,10.258,0.099,-0.057,-0.064,59.676,-59.895,27.375
1,194485,0.968,2.618,10.258,0.099,-0.057,-0.064,59.676,-56.153,27.814
1,194506,0.931,2.849,9.443,0.095,-0.054,-0.066,59.953,-60.362,27.346
1,194510,0.840,2.952,9.765,0.075,-0.046,-0.066,60.026,-59.281,27.930
1,194513,0.840,2.952,9.765,0.075,-0.046,-0.066,60.026,-59.281,27.930
1,194537,0.733,2.587,9.427,0.078,-0.051,-0.067,59.412,-60.231,27.828
1,194541,0.829,2.700,9.266,0.065,-0.043,-0.065,59.412,-60.231,27.828
1,194543,0.829,2.700,9.266,0.065,-0.043,-0.065,59.412,-60.231,27.828
1,194567,0.712,2.471,7.530,0.112,-0.049,-0.062,59.602,-60.114,27.843
1,194597,0.652,2.797,8.036,0.139,-0.053,-0.064,59.646,-60.406,27.667
1,194601,0.652,2.797,8.036,0.139,-0.053,-0.064,59.646,-60.406,27.667
1,194604,0.652,2.797,8.036,0.139,-0.053,-0.064,59.646,-60.406,27.667
1,194627,0.529,2.055,6.536,0.182,-0.064,-0.061,59.661,-60.099,27.141
1,194631,0.529,2.055,6.536,0.182,-0.064,-0.061,59.661,-60.099,27.141
1,194634,0.529,2.055,6.536,0.182,-0.064,-0.061,59.749,-59.705,27.638
1,194687,0.733,2.740,6.090,0.384,-0.099,-0.060,59.369,-60.070,27.258
1,194777,0.883,2.466,6.223,0.115,-0.044,-0.067,59.734,-60.479,28.033
1,194781,0.883,2.466,6.223,0.115,-0.044,-0.067,59.602,-60.260,28.442
1,194785,0.867,2.343,6.116,0.073,-0.035,-0.068,59.602,-60.260,28.442
1,194806,0.741,1.903,6.985,0.101,-0.042,-0.066,59.749,-60.655,28.062
1,194867,0.903,2.567,7.909,0.105,-0.048,-0.066,59.719,-61.371,27.916
1,194871,0.958,3.003,8.300,0.022,-0.029,-0.068,59.719,-61.371,27.916
1,194875,0.958,3.003,8.300,0.022,-0.029,-0.068,59.719,-61.371,27.916
1,194897,0.784,2.252,8.743,-0.169,0.004,-0.068,59.924,-61.239,27.770
1,194900,0.817,2.657,9.002,0.043,-0.040,-0.066,59.924,-61.239,27.770
1,194904,0.817,2.657,9.002,0.043,-0.040,-0.066,60.304,-60.611,27.419
1,195132,0.396,2.194,9.500,0.258,-0.153,-0.038,60.509,-60.742,27.375
1,195403,0.727,2.087,9.442,0.032,-0.176,-0.027,59.661,-60.494,27.170
1,195437,0.756,1.917,8.886,-0.088,-0.153,-0.029,59.632,-60.421,26.980
1,195441,0.756,1.917,8.886,-0.104,-0.153,-0.029,59.471,-59.997,27.258
1,195444,0.756,1.917,8.886,-0.104,-0.153,-0.029,59.471,-59.997,27.258
1,195466,0.893,2.101,9.076,0.060,-0.181,-0.029,59.296,-60.012,26.907
1,195527,1.013,1.768,8.382,0.110,-0.173,-0.032,59.866,-60.319,27.156
1,195531,1.013,1.768,8.382,0.110,-0.173,-0.032,59.866,-60.319,27.156
1,195557,1.134,1.963,7.796,0.103,-0.156,-0.034,59.486,-60.362,27.507
1,195561,1.134,1.963,7.796,0.103,-0.156,-0.034,59.486,-60.362,27.507
1,195564,1.115,1.801,7.635,0.103,-0.156,-0.034,59.573,-59.719,27.945
1,195586,1.022,1.528,7.993,0.092,-0.142,-0.038,58.828,-60.085,27.930
1,195647,0.839,1.792,7.892,-0.443,-0.012,-0.046,59.018,-60.362,28.120
1,195651,0.839,1.792,7.892,-0.443,-0.012,-0.046,59.018,-60.362,28.120
1,195654,0.726,1.525,8.900,-0.527,0.007,-0.049,59.018,-60.362,28.120
1,195676,0.879,2.252,8.678,-0.023,-0.086,-0.043,59.281,-59.807,27.477
1,195680,0.879,2.252,8.678,-0.023,-0.086,-0.043,59.281,-59.807,27.477
1,195737,0.913,2.666,9.407,-0.039,-0.079,-0.044,59.690,-60.231,27.214
1,195741,0.903,2.639,9.193,-0.136,-0.059,-0.046,59.690,-60.231,27.214
1,195767,0.879,2.114,8.327,-0.216,-0.043,-0.048,59.968,-59.939,27.916
1,195771,0.954,2.113,8.228,-0.079,-0.071,-0.045,60.041,-59.412,28.164
1,195774,0.954,2.113,8.228,-0.079,-0.071,-0.045,60.041,-59.412,28.164
1,195797,1.047,2.088,9.839,0.081,-0.103,-0.040,60.041,-60.143,28.091
1,195801,1.127,2.637,10.245,0.031,-0.092,-0.042,60.041,-60.143,28.091
1,195804,1.127,2.637,10.245,0.031,-0.092,-0.042,60.041,-60.143,28.091
1,195929,1.346,2.569,10.248,-0.247,-0.026,-0.045,60.333,-59.559,27.916
1,196081,1.266,2.820,11.779,-0.065,-0.075,-0.042,61.269,-59.135,27.828
1,196097,1.247,2.407,11.862,0.111,-0.119,-0.040,61.210,-59.076,27.653
1,196101,1.247,2.407,11.862,0.111,-0.119,-0.040,61.283,-58.784,28.574
1,196127,1.217,2.962,11.847,0.421,-0.181,-0.033,61.079,-59.266,27.068
1,196130,1.217,2.962,11.847,0.421,-0.181,-0.033,61.079,-59.266,27.068
1,196134,1.237,3.151,11.444,0.316,-0.160,-0.035,61.079,-59.266,27.068
1,196186,1.167,2.570,11.191,0.683,-0.230,-0.031,61.020,-59.763,27.594
1,196190,1.163,3.133,11.235,0.683,-0.230,-0.031,61.020,-59.763,27.594
1,196399,1.184,2.332,12.297,0.202,-0.128,-0.034,61.239,-60.129,26.995
1,196530,1.244,2.329,11.689,0.082,-0.084,-0.023,60.348,-59.778,27.039
1,196547,1.367,2.773,12.168,0.098,-0.083,-0.022,60.450,-59.895,26.820
1,196550,1.367,2.773,12.168,0.098,-0.083,-0.022,60.450,-59.895,26.820
1,196554,1.383,2.765,12.028,0.082,-0.076,-0.022,60.596,-59.632,27.229
1,196577,1.419,3.009,11.670,-0.088,-0.035,-0.023,60.246,-60.143,27.258
1,196580,1.419,3.009,11.670,-0.088,-0.035,-0.023,60.187,-60.172,27.258
1,196607,1.384,2.595,12.285,-0.308,0.018,-0.026,60.099,-59.778,26.279
1,196611,1.387,2.602,12.013,-0.308,0.007,-0.023,60.099,-59.778,26.279
1,196615,1.387,2.602,12.013,-0.233,0.007,-0.023,60.172,-59.632,27.083
1,196667,1.184,2.377,11.423,-0.182,0.016,-0.020,59.690,-59.763,27.258
1,196697,1.125,2.544,10.764,0.064,-0.021,-0.015,60.041,-59.529,27.390
1,196701,1.128,2.815,10.587,0.078,-0.022,-0.011,60.085,-59.237,27.594
1,196757,0.748,2.546,9.226,-0.417,0.081,-0.011,60.041,-59.427,27.127
1,196761,0.748,2.546,9.226,-0.352,0.066,-0.007,60.085,-58.945,27.755
1,196764,0.748,2.546,9.226,-0.352,0.066,-0.007,60.085,-58.945,27.755
1,196787,0.683,2.627,8.353,-0.103,0.020,0.000,60.012,-59.500,27.740
1,196847,0.603,2.238,7.370,0.032,-0.005,0.012,59.573,-59.442,28.471
1,196877,0.646,1.899,6.994,0.154,-0.028,0.017,59.953,-59.617,27.857
1,196880,0.646,1.899,6.994,0.154,-0.028,0.017,59.953,-59.617,27.857
1,196937,0.836,2.119,6.384,1.275,-0.233,0.024,59.310,-59.763,28.237
1,196967,0.824,2.175,5.373,0.959,-0.167,0.015,59.471,-60.260,28.530
1,196998,0.861,2.022,6.246,0.346,-0.044,-0.001,59.354,-60.392,27.887
1,197600,0.519,1.589,9.650,-0.197,-0.178,0.001,59.559,-60.158,27.010
1,197657,0.751,1.820,8.881,0.061,-0.241,0.004,59.062,-59.851,27.433
1,197660,0.780,1.653,8.881,0.046,-0.239,0.002,59.062,-59.851,27.433
1,197664,0.780,1.653,8.881,0.046,-0.239,0.002,59.062,-59.851,27.433
1,197791,1.089,1.375,8.058,0.032,-0.213,-0.009,59.091,-59.676,26.849
1,197807,1.111,1.309,8.300,0.037,-0.203,-0.009,58.842,-59.851,26.367
1,197811,1.111,1.309,8.300,0.037,-0.203,-0.009,58.842,-59.851,26.367
1,197814,1.178,1.372,8.481,0.046,-0.205,-0.010,58.872,-59.792,27.273
1,197836,1.169,1.469,7.962,0.057,-0.198,-0.012,58.682,-59.880,26.966
1,197840,1.169,1.469,7.962,0.057,-0.198,-0.012,58.550,-59.822,26.761
1,197843,1.092,1.342,7.700,0.070,-0.202,-0.013,58.550,-59.822,26.761
1,197867,1.058,1.238,7.781,0.100,-0.198,-0.013,58.346,-59.822,27.200
1,198103,1.472,2.322,10.686,0.111,-0.139,-0.035,58.828,-59.471,26.367
1,198107,1.512,2.375,10.662,0.042,-0.123,-0.034,58.886,-59.676,27.390
1,198111,1.512,2.375,10.662,0.042,-0.123,-0.034,58.886,-59.676,27.390
1,198137,1.423,1.589,9.345,-0.208,-0.067,-0.042,58.945,-59.515,26.060
1,198141,1.423,1.589,9.345,-0.208,-0.067,-0.042,58.945,-59.515,26.060
1,198144,1.423,1.589,9.345,-0.208,-0.067,-0.042,59.208,-59.208,26.688
1,198197,1.437,1.810,10.666,0.026,-0.095,-0.046,58.886,-59.719,26.600
1,198288,1.553,2.152,10.664,0.001,-0.066,-0.057,59.106,-59.734,26.308
1,198377,1.551,2.006,11.732,0.040,-0.056,-0.072,59.690,-59.281,26.337
1,198380,1.528,2.024,11.422,0.040,-0.056,-0.072,59.690,-59.281,26.337
1,198407,1.535,1.496,12.507,0.005,-0.043,-0.077,59.778,-59.047,26.191
1,198437,1.657,1.967,12.500,0.020,-0.040,-0.078,59.749,-59.208,26.571
1,198441,1.574,2.005,12.379,0.016,-0.042,-0.079,59.749,-59.208,26.571
1,198527,1.492,1.333,12.992,0.265,-0.082,-0.081,60.275,-59.822,25.913
1,198633,1.481,1.832,12.179,0.332,-0.082,-0.083,60.406,-59.778,26.615
1,198647,1.415,1.507,12.385,0.142,-0.046,-0.086,60.187,-60.231,26.527
1,198677,1.214,1.328,12.102,0.180,-0.048,-0.086,60.172,-59.953,26.732
1,198680,1.214,1.328,12.102,0.180,-0.048,-0.086,60.172,-59.953,26.732
1,198871,0.924,1.896,10.427,0.138,-0.048,-0.081,60.056,-59.851,26.907
1,198917,0.896,2.088,9.624,0.053,-0.035,-0.077,59.559,-59.573,27.477
1,198920,0.979,2.436,9.917,0.031,-0.033,-0.077,59.559,-59.573,27.477
1,198924,0.979,2.436,9.917,0.031,-0.033,-0.077,59.559,-59.573,27.477
1,198947,0.939,2.412,9.622,-0.304,0.028,-0.078,59.354,-59.719,27.273
1,199081,0.443,1.076,7.429,0.536,-0.162,-0.054,59.076,-59.120,27.243
1,199097,0.615,1.892,6.477,1.070,-0.268,-0.044,59.076,-59.208,27.214
1,199157,0.580,1.834,5.462,1.453,-0.353,-0.043,59.237,-60.231,26.644
1,199161,0.580,1.834,5.462,1.453,-0.353,-0.043,59.047,-59.968,26.805
1,199370,0.773,1.042,11.113,-0.360,-0.053,-0.072,58.696,-59.778,25.987
1,199500,0.949,1.754,9.393,0.323,-0.216,-0.045,59.106,-60.479,25.782
1,199547,0.899,1.515,9.407,0.180,-0.195,-0.042,58.536,-60.742,25.870
1,199550,0.899,1.515,9.407,0.180,-0.195,-0.042,58.550,-60.085,26.030
1,199554,0.942,1.618,9.371,0.180,-0.193,-0.045,58.550,-60.085,26.030
1,199606,0.876,1.677,9.520,0.137,-0.199,-0.061,58.696,-60.494,25.607
1,199610,0.876,1.677,9.520,0.137,-0.199,-0.061,58.696,-60.494,25.607
1,199614,0.937,1.957,9.738,0.127,-0.198,-0.060,58.448,-60.319,25.519
1,199637,1.056,2.453,9.492,-0.076,-0.160,-0.066,58.258,-60.319,26.264
1,199641,1.056,2.453,9.492,-0.076,-0.160,-0.066,58.258,-60.319,26.264
1,199644,0.997,2.012,9.424,-0.407,-0.098,-0.068,58.258,-60.319,26.264
1,199769,1.114,1.974,9.444,0.081,-0.209,-0.059,57.600,-59.997,25.650
1,199890,1.216,1.488,8.825,0.064,-0.184,-0.068,57.673,-59.953,25.533
1,199937,1.232,1.367,8.472,0.092,-0.173,-0.073,57.527,-59.617,25.490
1,200043,1.217,0.815,8.763,-0.253,-0.039,-0.092,57.600,-59.339,25.533
1,200117,1.274,1.180,8.674,0.066,-0.088,-0.097,58.039,-59.149,25.504
1,200121,1.274,1.180,8.674,0.066,-0.088,-0.097,58.039,-59.149,25.504
1,200147,1.213,1.229,8.288,0.051,-0.072,-0.101,57.980,-59.208,24.934
1,200151,1.235,1.336,8.207,0.051,-0.068,-0.104,58.360,-58.813,24.978
1,200154,1.235,1.336,8.207,0.042,-0.068,-0.104,58.360,-58.813,24.978
1,200176,1.186,1.298,8.547,0.045,-0.064,-0.106,57.980,-59.602,26.177
1,200207,1.236,1.645,8.411,-0.143,-0.017,-0.115,58.009,-59.003,25.329
1,200210,1.133,1.500,8.090,-0.392,0.035,-0.119,58.009,-59.003,25.329
1,200214,1.133,1.500,8.090,-0.392,0.035,-0.119,58.170,-58.711,25.884
1,200236,1.070,1.245,8.751,-0.533,0.064,-0.122,58.521,-58.696,25.504
1,200240,1.128,1.470,9.428,-0.516,0.066,-0.123,58.521,-58.696,25.504
1,200244,1.128,1.470,9.428,-0.516,0.066,-0.123,58.521,-58.696,25.504
1,200266,0.954,0.839,9.101,-0.496,0.067,-0.127,58.828,-59.120,25.913
1,200270,1.000,1.105,8.465,-0.390,0.049,-0.127,58.828,-59.120,25.913
1,200297,1.067,1.090,9.924,-0.204,0.017,-0.128,59.164,-58.287,27.170
1,200300,1.067,1.090,9.924,-0.050,-0.011,-0.130,59.164,-58.287,27.170
1,200304,1.067,1.090,9.924,-0.050,-0.011,-0.130,59.164,-58.287,27.170
1,200327,1.187,1.114,9.283,0.029,-0.022,-0.130,59.222,-58.696,26.732
1,200387,1.205,1.427,9.698,-0.054,0.011,-0.143,59.559,-58.316,27.068
1,200416,1.176,0.913,10.594,-0.380,0.078,-0.148,59.471,-58.097,27.156
1,200420,1.176,0.913,10.594,-0.380,0.078,-0.148,59.924,-57.527,27.682
1,200424,1.195,1.208,10.640,-0.380,0.078,-0.148,59.924,-57.527,27.682
1,200447,1.161,1.149,10.503,-0.006,0.010,-0.147,60.260,-57.819,27.974
1,200451,1.161,1.149,10.503,-0.006,0.010,-0.147,60.260,-57.819,27.974
1,200477,1.253,1.290,10.369,-0.051,0.024,-0.143,60.275,-58.141,28.077
1,200481,1.253,1.290,10.369,-0.051,0.024,-0.143,60.494,-57.220,28.004
1,200484,1.272,1.285,10.164,-0.031,0.020,-0.144,60.494,-57.220,28.004
1,200507,1.195,1.405,10.901,0.002,0.021,-0.144,60.436,-58.053,28.179
1,200567,1.072,1.306,11.023,-0.013,0.031,-0.140,61.210,-58.141,28.661
1,200571,1.072,1.175,11.123,-0.013,0.031,-0.140,61.210,-58.141,28.661
1,200574,1.013,1.175,11.123,-0.005,0.029,-0.138,61.210,-58.141,28.661
1,200596,0.982,1.298,10.811,-0.005,0.028,-0.137,60.903,-57.966,28.413
1,200626,0.980,1.094,11.019,-0.001,0.023,-0.133,61.342,-57.191,29.480
1,200630,0.983,1.040,11.529,0.006,0.024,-0.131,61.210,-57.191,29.480
1,200634,0.983,1.040,11.529,0.006,0.024,-0.131,61.210,-57.191,29.480
1,200687,0.822,1.091,11.257,0.002,0.015,-0.120,61.868,-57.688,28.866
1,200691,0.839,1.082,11.262,0.013,0.009,-0.120,61.473,-57.322,29.670
1,200694,0.839,1.082,11.262,0.013,0.009,-0.120,61.473,-57.322,29.670
1,200716,0.884,1.330,11.806,0.056,-0.005,-0.115,61.941,-57.308,28.939
1,200807,2.569,3.294,15.718,1.715,-0.164,-0.097,62.599,-57.776,29.246
1,200810,2.569,3.294,15.718,1.715,-0.164,-0.097,62.599,-57.834,29.524
1,200814,2.569,3.294,15.718,1.715,-0.164,-0.097,63.198,-57.834,29.524
1,200836,0.631,0.554,0.653,0.045,0.222,-0.111,63.403,-58.024,29.772
1,200867,0.099,1.420,14.297,0.111,0.211,-0.110,63.096,-58.638,30.240
1,200897,0.288,1.164,8.806,0.470,0.086,-0.101,63.607,-58.726,30.108
1,200926,-0.028,0.270,8.404,0.459,0.070,-0.094,64.265,-58.287,30.269
1,200930,-0.028,0.270,8.404,0.459,0.070,-0.094,64.265,-58.287,30.269
1,200933,0.121,1.107,8.457,0.579,0.049,-0.089,64.543,-58.331,30.897
1,200987,-0.426,3.144,26.935,0.578,-0.093,-0.070,64.586,-59.062,29.626
1,200991,-0.426,3.144,26.935,0.578,-0.093,-0.070,64.586,-59.062,29.626
1,200994,0.324,-0.493,8.858,0.927,-0.292,-0.043,64.586,-58.842,30.167
1,201016,0.802,1.409,9.014,1.581,-0.616,0.009,64.250,-59.135,28.983
1,201047,0.663,2.243,10.318,-0.382,-0.232,-0.011,64.089,-59.208,29.757
1,201077,0.634,0.501,12.993,-0.877,-0.131,-0.021,64.221,-59.018,29.494
1,201107,1.284,2.271,16.179,1.550,-0.428,-0.015,63.607,-59.120,28.822
1,201111,1.271,5.279,17.029,2.001,-0.343,-0.048,63.607,-59.120,28.822
1,201114,1.271,5.279,17.029,2.001,-0.343,-0.048,63.607,-59.120,28.822
1,201136,0.080,1.412,-0.418,1.549,-0.176,-0.087,63.870,-59.836,29.450
1,201140,1.320,4.215,6.252,0.605,-0.012,-0.093,63.870,-59.836,29.450
1,201227,0.453,1.009,9.467,1.057,-0.331,-0.005,63.929,-60.114,29.392
1,201287,0.565,1.719,13.037,0.110,-0.082,-0.033,63.987,-59.924,29.144
1,201291,0.565,1.719,13.037,0.110,-0.082,-0.033,63.505,-59.749,29.904
1,201293,0.565,1.719,11.200,0.110,-0.082,-0.033,63.505,-59.749,29.904
1,201316,0.558,3.271,12.899,1.427,-0.408,0.001,63.549,-60.172,28.369
1,201320,0.558,3.271,12.899,1.427,-0.408,0.001,63.549,-60.172,28.369
1,201346,1.038,4.966,8.835,0.671,-0.191,-0.010,63.783,-60.582,28.413
1,201350,1.038,4.966,8.835,0.671,-0.191,-0.010,64.206,-60.143,28.457
1,201376,0.518,2.489,9.913,0.518,-0.151,-0.015,63.534,-60.728,28.413
1,201380,0.518,2.489,9.913,0.518,-0.151,-0.015,63.534,-60.728,28.413
1,201467,0.695,3.860,9.193,0.373,-0.131,-0.002,63.856,-61.269,28.310
1,201470,0.653,3.337,9.534,0.373,-0.131,0.000,63.856,-61.269,28.310
1,201474,0.653,3.337,9.534,0.434,-0.143,0.000,63.841,-61.210,28.793
1,201497,0.718,3.514,9.520,0.446,-0.158,0.005,63.826,-61.327,29.260
1,201527,0.774,3.691,9.232,0.430,-0.147,0.006,63.622,-61.619,28.267
1,201531,0.713,3.314,9.386,0.408,-0.144,0.006,63.622,-61.619,28.267
1,201534,0.713,3.314,9.386,0.408,-0.144,0.006,63.519,-61.342,28.764
1,201556,0.873,4.373,9.175,0.266,-0.112,0.006,63.505,-61.795,28.500
1,201560,0.829,4.256,9.054,0.145,-0.086,0.004,63.636,-61.429,28.310
1,201586,0.711,3.489,9.545,0.156,-0.090,0.006,63.578,-61.839,29.056
1,201590,0.591,2.968,9.478,0.194,-0.100,0.007,63.578,-61.839,29.056
1,201594,0.591,2.968,9.478,0.194,-0.100,0.007,63.812,-61.766,29.041
